emp_id,age,gender,department,experience,salary,overtime,satisfaction_score,attrition
1,38,Female,IT,13,33338.0,Yes,9.0,Yes
2,32,Male,HR,3,96289.0,No,9.0,No
3,51,Male,IT,1,91520.0,Yes,8.0,No
4,56,Male,Finance,9,38895.0,Yes,5.0,Yes
5,59,Female,HR,31,67910.0,Yes,3.0,Yes
6,43,Male,HR,26,85898.0,Yes,8.0,No
7,48,Male,IT,17,23454.0,No,1.0,Yes
8,58,Male,IT,34,106540.0,No,3.0,No
9,56,Male,Finance,9,80797.0,Yes,7.0,No
10,25,Male,IT,13,103137.0,Yes,4.0,No
11,37,Female,HR,5,70637.0,Yes,7.0,No
12,37,Female,Sales,13,25349.0,No,5.0,Yes
13,42,Female,Sales,1,59963.0,No,6.0,No
14,47,Male,Finance,25,95583.0,Yes,7.0,No
15,57,Female,IT,4,27750.0,Yes,10.0,Yes
16,40,Male,Finance,10,114929.0,Yes,7.0,No
17,38,Male,Sales,28,42463.0,No,7.0,No
18,47,Male,Sales,6,94935.0,Yes,7.0,No
19,43,Male,IT,27,78792.0,Yes,7.0,No
20,49,Female,HR,12,33686.0,Yes,3.0,Yes
21,22,Female,IT,3,83528.0,Yes,3.0,Yes
22,57,Female,Sales,33,,Yes,7.0,No
23,58,Male,HR,10,42787.0,No,2.0,No
24,23,Female,Finance,31,34776.0,No,2.0,Yes
25,38,Female,Sales,15,115063.0,No,3.0,No
26,59,Male,Finance,7,77427.0,Yes,4.0,No
27,42,Female,HR,14,81086.0,No,6.0,No
28,30,Male,Finance,14,83308.0,Yes,8.0,No
29,34,Female,Sales,3,35797.0,No,10.0,Yes
30,32,Female,IT,3,253020.0,No,10.0,Yes
31,37,Female,Finance,22,83172.0,Yes,7.0,No
32,37,Male,Sales,19,58059.0,Yes,4.0,No
33,23,Female,Sales,12,20908.0,Yes,2.0,Yes
34,29,Female,HR,5,80252.0,No,2.0,No
35,34,Female,Sales,10,100659.0,Yes,4.0,No
36,38,Female,IT,33,32877.0,No,6.0,Yes
37,45,Male,IT,13,34239.0,No,3.0,Yes
38,24,Male,Finance,32,106971.0,No,6.0,No
39,51,Female,Finance,11,47313.0,Yes,5.0,No
40,34,Female,Finance,24,62103.0,Yes,5.0,No
41,40,Female,Finance,19,68408.0,Yes,2.0,Yes
42,28,Male,IT,6,103251.0,No,8.0,No
43,30,Female,HR,4,108771.0,No,5.0,No
44,40,Female,Finance,33,111665.0,Yes,,Yes
45,43,Male,HR,13,30534.0,No,7.0,Yes
46,39,Male,Sales,19,63060.0,No,9.0,No
47,44,Male,Sales,12,37189.0,No,9.0,Yes
48,23,Female,Finance,11,106067.0,Yes,1.0,Yes
49,32,Male,Sales,6,30967.0,No,7.0,Yes
50,52,Male,HR,12,101991.0,No,9.0,No
51,54,Female,HR,27,85563.0,Yes,6.0,No
52,35,Male,Sales,25,28660.0,Yes,1.0,Yes
53,37,Female,Finance,3,110875.0,Yes,2.0,Yes
54,32,Female,HR,3,59823.0,Yes,4.0,No
55,54,Male,HR,20,,Yes,4.0,No
56,28,Female,IT,28,29616.0,Yes,2.0,Yes
57,52,Male,Finance,23,95976.0,No,8.0,No
58,35,Male,IT,3,68738.0,No,2.0,No
59,49,Male,Sales,24,33107.0,No,3.0,Yes
60,37,Female,Sales,6,81404.0,No,4.0,No
61,40,Male,IT,20,114182.0,Yes,9.0,No
62,38,Female,Finance,11,111787.0,No,10.0,No
63,47,Female,HR,32,35954.0,Yes,1.0,Yes
64,27,Female,Sales,27,36943.0,Yes,8.0,Yes
65,30,Male,Finance,21,60725.0,No,5.0,No
66,38,Female,Finance,13,65434.0,No,7.0,No
67,52,Female,Sales,22,105751.0,Yes,8.0,No
68,33,Male,Sales,22,30110.0,Yes,5.0,Yes
69,44,Male,Finance,28,107091.0,Yes,8.0,No
70,26,Female,HR,21,36462.0,Yes,,Yes
71,57,Female,IT,18,99232.0,No,8.0,No
72,57,Male,Sales,31,74081.0,Yes,9.0,No
73,24,Female,IT,21,72799.0,No,2.0,No
74,45,Female,Finance,14,86567.0,Yes,3.0,Yes
75,38,Female,IT,25,109301.0,Yes,1.0,Yes
76,47,Female,HR,27,71224.0,Yes,4.0,No
77,25,Male,Finance,23,76063.0,No,5.0,No
78,33,Female,HR,31,75240.0,Yes,1.0,Yes
79,22,Male,Finance,29,101352.0,No,8.0,No
80,42,Female,HR,30,37868.0,No,2.0,Yes
81,40,Male,Finance,26,95973.0,No,1.0,No
82,42,Female,HR,20,100989.0,Yes,2.0,Yes
83,39,Male,Finance,19,42222.0,No,5.0,No
84,24,Female,HR,27,99794.0,No,9.0,No
85,53,Male,Finance,25,83924.0,Yes,9.0,No
86,31,Female,HR,23,119854.0,Yes,2.0,Yes
87,36,Female,Sales,29,98513.0,No,2.0,No
88,26,Male,IT,15,74649.0,No,3.0,No
89,25,Male,Finance,3,103749.0,Yes,7.0,No
90,49,Male,HR,10,30223.0,No,3.0,Yes
91,25,Male,Sales,15,68166.0,No,1.0,No
92,36,Male,Finance,16,59369.0,No,6.0,No
93,38,Female,Finance,17,106379.0,Yes,3.0,Yes
94,24,Male,Finance,19,,No,1.0,No
95,31,Male,IT,11,79526.0,Yes,4.0,No
96,44,Female,HR,5,32661.0,Yes,1.0,Yes
97,39,Male,HR,5,35591.0,Yes,1.0,Yes
98,22,Male,Finance,14,91718.0,No,2.0,No
99,56,Male,Finance,26,75235.0,Yes,10.0,No
100,52,Female,Finance,8,27970.0,No,8.0,Yes
101,22,Male,Sales,5,67922.0,Yes,2.0,Yes
102,24,Female,Finance,7,50755.0,No,2.0,No
103,24,Female,IT,16,39416.0,No,10.0,Yes
104,58,Male,HR,14,,No,10.0,Yes
105,40,Female,IT,4,,Yes,8.0,No
106,50,Male,Finance,17,66996.0,No,6.0,No
107,46,Male,Sales,6,94095.0,No,4.0,No
108,54,Male,Finance,16,20064.0,Yes,3.0,Yes
109,57,Male,Finance,29,88835.0,Yes,1.0,Yes
110,50,Male,Finance,10,90385.0,No,,No
111,47,Female,Finance,29,25639.0,Yes,9.0,Yes
112,25,Female,Finance,14,31055.0,Yes,5.0,Yes
113,35,Female,HR,4,79220.0,Yes,6.0,No
114,48,Female,IT,13,107594.0,No,5.0,No
115,54,Male,Sales,18,49427.0,Yes,1.0,Yes
116,43,Male,Finance,33,102516.0,No,10.0,No
117,24,Female,Sales,21,84666.0,Yes,1.0,Yes
118,44,Male,HR,16,84274.0,Yes,4.0,No
119,42,Female,IT,15,30866.0,No,3.0,Yes
120,44,Female,Finance,5,23889.0,Yes,8.0,Yes
121,25,Female,HR,6,68226.0,Yes,7.0,No
122,42,Female,HR,3,51335.0,Yes,7.0,No
123,58,Male,IT,12,70547.0,Yes,8.0,No
124,52,Male,Finance,33,46162.0,No,10.0,No
125,42,Female,IT,33,1094490.0,No,7.0,No
126,47,Female,IT,31,44687.0,No,10.0,No
127,56,Female,Sales,21,,No,2.0,No
128,59,Female,Sales,27,30995.0,No,4.0,Yes
129,45,Female,IT,27,764880.0,No,6.0,No
130,32,Male,Sales,8,226310.0,No,3.0,Yes
131,50,Female,HR,32,54954.0,Yes,3.0,Yes
132,24,Female,IT,26,25967.0,No,6.0,Yes
133,22,Male,Finance,2,108294.0,No,1.0,No
134,40,Male,Finance,12,107278.0,No,1.0,No
135,43,Male,HR,22,84471.0,Yes,5.0,No
136,35,Male,Finance,17,57116.0,No,1.0,No
137,35,Male,Finance,7,112116.0,No,10.0,No
138,37,Male,IT,4,54227.0,No,8.0,No
139,54,Male,HR,32,21942.0,Yes,2.0,Yes
140,34,Male,IT,11,67664.0,No,6.0,No
141,59,Male,HR,1,48069.0,Yes,10.0,No
142,33,Female,IT,25,107342.0,Yes,10.0,No
143,59,Male,IT,24,34407.0,Yes,5.0,Yes
144,54,Female,Sales,17,79201.0,Yes,10.0,No
145,54,Female,Finance,8,100093.0,No,4.0,No
146,50,Female,HR,27,74348.0,Yes,1.0,Yes
147,26,Female,Finance,18,101981.0,Yes,3.0,Yes
148,27,Female,Sales,27,37878.0,No,4.0,Yes
149,52,Female,HR,22,103100.0,Yes,2.0,Yes
150,37,Female,Sales,16,98629.0,Yes,2.0,Yes
151,52,Female,Finance,2,75420.0,Yes,2.0,Yes
152,46,Male,IT,5,111987.0,Yes,1.0,Yes
153,54,Female,Sales,18,63168.0,Yes,,No
154,34,Female,Sales,3,74862.0,Yes,2.0,Yes
155,31,Female,IT,27,109622.0,No,6.0,No
156,45,Female,Finance,17,102025.0,No,3.0,No
157,31,Male,Sales,16,48004.0,No,10.0,No
158,52,Female,Finance,6,40471.0,No,5.0,No
159,34,Male,IT,7,111820.0,Yes,1.0,Yes
160,24,Male,HR,14,80167.0,Yes,8.0,No
161,55,Female,Sales,15,103828.0,Yes,4.0,No
162,49,Female,Finance,33,85308.0,No,9.0,No
163,40,Male,IT,27,103969.0,No,4.0,No
164,44,Female,IT,29,34568.0,Yes,2.0,Yes
165,53,Female,Sales,5,29466.0,Yes,3.0,Yes
166,34,Male,HR,29,111057.0,No,5.0,No
167,54,Male,Sales,32,77324.0,No,10.0,No
168,55,Female,Finance,6,35467.0,No,6.0,Yes
169,54,Female,IT,2,117555.0,No,,No
170,26,Female,HR,6,95955.0,Yes,4.0,No
171,24,Male,Finance,4,72948.0,No,7.0,No
172,28,Female,Sales,29,36676.0,No,10.0,Yes
173,45,Male,IT,25,114791.0,Yes,3.0,Yes
174,43,Male,Sales,9,51514.0,Yes,7.0,No
175,44,Female,HR,3,42650.0,Yes,4.0,No
176,51,Male,HR,26,108290.0,No,8.0,No
177,39,Female,HR,27,97701.0,No,9.0,No
178,53,Female,HR,32,30683.0,No,7.0,Yes
179,28,Male,HR,1,118092.0,No,8.0,No
180,54,Female,Sales,16,79819.0,Yes,8.0,No
181,26,Male,HR,11,100978.0,Yes,2.0,Yes
182,49,Male,HR,26,24860.0,No,9.0,Yes
183,29,Female,IT,1,23729.0,No,6.0,Yes
184,36,Female,HR,26,51351.0,No,4.0,No
185,25,Female,IT,28,82744.0,Yes,5.0,No
186,55,Female,IT,9,44346.0,No,10.0,No
187,26,Male,IT,22,94155.0,Yes,5.0,No
188,54,Male,Sales,8,96700.0,No,7.0,No
189,26,Male,Sales,27,26955.0,Yes,9.0,Yes
190,59,Female,Finance,19,85642.0,Yes,7.0,No
191,55,Male,Finance,25,90290.0,No,9.0,No
192,47,Male,IT,21,64293.0,Yes,4.0,No
193,22,Female,Sales,24,81336.0,Yes,10.0,No
194,25,Female,HR,24,41662.0,No,10.0,No
195,47,Female,Finance,19,26408.0,Yes,4.0,Yes
196,54,Male,Sales,2,60403.0,No,6.0,No
197,54,Female,HR,14,21225.0,Yes,8.0,Yes
198,29,Male,HR,32,32196.0,Yes,9.0,Yes
199,41,Male,Sales,32,89786.0,Yes,1.0,Yes
200,37,Male,Finance,28,35372.0,Yes,1.0,Yes
201,42,Male,Sales,13,37279.0,No,8.0,Yes
202,47,Male,Finance,12,115729.0,No,7.0,No
203,44,Female,IT,8,74240.0,No,9.0,No
204,39,Male,Sales,15,112404.0,Yes,3.0,Yes
205,52,Female,Sales,26,58187.0,Yes,10.0,No
206,33,Male,Finance,12,68481.0,No,5.0,No
207,22,Male,Finance,27,48475.0,No,3.0,No
208,30,Female,Sales,18,64552.0,No,5.0,No
209,24,Male,HR,27,87969.0,No,10.0,No
210,47,Male,HR,9,96534.0,Yes,,Yes
211,30,Female,HR,1,,No,4.0,No
212,37,Female,IT,7,119605.0,Yes,6.0,No
213,45,Male,IT,26,26858.0,No,2.0,Yes
214,35,Male,Finance,7,94486.0,Yes,7.0,No
215,24,Male,IT,7,94474.0,No,8.0,No
216,55,Female,HR,8,,No,1.0,No
217,54,Male,Sales,16,52099.0,Yes,4.0,No
218,45,Female,IT,3,91180.0,Yes,4.0,No
219,30,Female,IT,10,81455.0,No,5.0,No
220,34,Male,HR,7,74240.0,Yes,4.0,No
221,23,Female,IT,21,94796.0,No,9.0,No
222,28,Male,Finance,31,74592.0,Yes,7.0,No
223,42,Male,Sales,23,67458.0,No,2.0,No
224,40,Female,HR,27,78046.0,No,1.0,No
225,46,Female,Finance,22,36488.0,No,9.0,Yes
226,43,Female,HR,27,78841.0,No,1.0,No
227,32,Female,Finance,4,20395.0,No,6.0,Yes
228,54,Female,Sales,24,72669.0,No,2.0,No
229,53,Female,Sales,23,30845.0,No,4.0,Yes
230,42,Male,Finance,19,56059.0,No,6.0,No
231,41,Male,Finance,3,38394.0,Yes,5.0,Yes
232,29,Male,Finance,27,113993.0,Yes,6.0,No
233,58,Female,Finance,3,,Yes,3.0,Yes
234,30,Female,Finance,28,79332.0,No,5.0,No
235,46,Female,Finance,17,57305.0,No,2.0,No
236,46,Male,Sales,31,62628.0,No,7.0,No
237,54,Male,Finance,10,41352.0,Yes,3.0,Yes
238,23,Female,IT,22,106682.0,Yes,1.0,Yes
239,40,Female,Sales,30,102971.0,Yes,8.0,No
240,41,Female,HR,21,71993.0,Yes,8.0,No
241,50,Female,Sales,23,59386.0,Yes,3.0,Yes
242,27,Male,HR,12,76624.0,No,7.0,No
243,38,Male,HR,25,77065.0,Yes,9.0,No
244,46,Male,IT,20,105504.0,No,8.0,No
245,59,Female,Finance,7,28539.0,No,3.0,Yes
246,25,Male,Finance,29,21263.0,No,2.0,Yes
247,51,Female,Sales,29,33305.0,Yes,10.0,Yes
248,41,Female,Finance,13,73817.0,Yes,7.0,No
249,24,Female,IT,3,44398.0,No,,No
250,44,Male,Sales,2,117616.0,Yes,9.0,No
251,39,Male,Sales,16,95801.0,Yes,5.0,No
252,47,Female,Sales,30,69107.0,No,4.0,No
253,57,Male,Finance,6,52152.0,No,8.0,No
254,29,Female,Finance,7,113260.0,No,4.0,No
255,38,Female,Finance,5,50624.0,No,4.0,No
256,52,Female,Sales,7,119655.0,No,2.0,No
257,58,Male,Sales,34,76132.0,Yes,1.0,Yes
258,54,Male,HR,32,72979.0,No,4.0,No
259,48,Female,HR,13,78013.0,Yes,7.0,No
260,25,Male,Finance,30,114925.0,Yes,9.0,No
261,43,Male,Sales,25,83797.0,No,9.0,No
262,47,Male,Finance,21,71798.0,No,10.0,No
263,53,Male,Finance,21,36650.0,Yes,1.0,Yes
264,45,Female,HR,28,46014.0,No,5.0,No
265,56,Male,IT,20,96421.0,Yes,7.0,No
266,58,Female,Finance,34,27434.0,No,7.0,Yes
267,53,Female,IT,5,50028.0,No,10.0,No
268,28,Male,IT,18,86558.0,Yes,6.0,No
269,54,Female,Sales,11,44331.0,Yes,10.0,No
270,52,Female,Sales,17,87573.0,No,4.0,No
271,33,Male,Finance,22,94292.0,No,3.0,No
272,32,Female,HR,20,66326.0,No,9.0,No
273,45,Female,HR,6,102979.0,Yes,10.0,No
274,29,Male,Finance,34,119728.0,No,4.0,No
275,53,Male,Finance,14,24123.0,No,8.0,Yes
276,59,Male,HR,23,36603.0,No,1.0,Yes
277,43,Male,IT,20,85941.0,No,7.0,No
278,55,Male,Finance,13,62597.0,Yes,6.0,No
279,40,Female,IT,32,83238.0,Yes,1.0,Yes
280,41,Female,Finance,26,104238.0,Yes,4.0,No
281,35,Male,Finance,14,62719.0,No,5.0,No
282,54,Male,IT,8,111786.0,No,8.0,No
283,31,Female,IT,22,61751.0,No,4.0,No
284,37,Male,HR,22,106978.0,Yes,3.0,Yes
285,25,Male,Finance,16,37693.0,Yes,2.0,Yes
286,48,Female,Sales,27,109541.0,Yes,4.0,No
287,49,Female,Sales,10,57697.0,Yes,10.0,No
288,37,Female,Finance,25,114524.0,No,4.0,No
289,54,Male,Finance,31,117869.0,Yes,10.0,No
290,40,Female,Finance,21,49992.0,Yes,5.0,No
291,42,Male,IT,27,83825.0,No,7.0,No
292,43,Female,Sales,17,29522.0,Yes,,Yes
293,30,Male,Sales,33,65406.0,No,2.0,No
294,30,Male,Sales,31,32121.0,No,5.0,Yes
295,30,Male,Finance,26,34219.0,No,10.0,Yes
296,48,Female,IT,21,21617.0,No,9.0,Yes
297,38,Female,Finance,1,63016.0,No,3.0,No
298,29,Female,HR,4,70672.0,Yes,1.0,Yes
299,37,Male,HR,4,,Yes,2.0,Yes
300,39,Female,Sales,26,119887.0,No,6.0,No
301,54,Female,Finance,4,92240.0,Yes,5.0,No
302,22,Male,HR,9,75735.0,No,1.0,No
303,33,Male,HR,30,37959.0,Yes,1.0,Yes
304,27,Female,Finance,4,48522.0,Yes,4.0,No
305,26,Female,IT,5,76087.0,Yes,4.0,No
306,37,Female,Finance,23,29953.0,Yes,6.0,Yes
307,39,Male,Finance,16,46567.0,Yes,6.0,No
308,39,Female,IT,22,80523.0,Yes,10.0,No
309,22,Male,Sales,8,82708.0,Yes,6.0,No
310,40,Male,Sales,33,42560.0,No,1.0,No
311,29,Female,Sales,16,78390.0,No,10.0,No
312,24,Female,IT,5,88149.0,No,9.0,No
313,46,Male,HR,16,56660.0,Yes,7.0,No
314,26,Male,IT,7,65104.0,Yes,7.0,No
315,40,Female,Finance,1,77805.0,No,7.0,No
316,39,Female,IT,9,44496.0,No,2.0,No
317,52,Female,HR,18,103301.0,Yes,2.0,Yes
318,54,Male,HR,3,111257.0,No,6.0,No
319,39,Male,Finance,24,23515.0,No,7.0,Yes
320,37,Female,Sales,28,24454.0,No,3.0,Yes
321,37,Male,HR,10,42873.0,No,4.0,No
322,59,Male,HR,9,93920.0,Yes,3.0,Yes
323,28,Female,HR,13,33727.0,No,7.0,Yes
324,35,Male,Finance,23,89070.0,No,,No
325,46,Female,HR,17,119059.0,No,4.0,No
326,53,Female,Sales,7,117425.0,No,7.0,No
327,59,Male,Finance,16,69979.0,Yes,5.0,No
328,43,Male,Sales,20,45465.0,No,1.0,No
329,37,Female,HR,24,73900.0,No,10.0,No
330,50,Male,HR,5,79799.0,No,4.0,No
331,37,Female,Sales,6,116129.0,No,7.0,No
332,33,Male,Finance,28,41330.0,No,2.0,No
333,38,Male,Finance,5,28302.0,Yes,2.0,Yes
334,58,Male,Sales,2,98443.0,No,1.0,No
335,48,Female,HR,21,109966.0,No,2.0,No
336,46,Male,IT,18,92717.0,Yes,10.0,No
337,34,Female,Sales,12,32875.0,No,8.0,Yes
338,29,Female,Sales,17,47219.0,Yes,8.0,No
339,26,Female,Sales,15,56182.0,No,8.0,No
340,33,Male,HR,7,100541.0,Yes,1.0,Yes
341,24,Female,Finance,14,62269.0,Yes,,Yes
342,56,Female,HR,1,99781.0,No,,No
343,54,Male,Sales,3,26457.0,Yes,4.0,Yes
344,43,Female,HR,31,26749.0,No,6.0,Yes
345,30,Female,HR,13,53064.0,Yes,8.0,No
346,39,Male,Sales,18,29821.0,Yes,2.0,Yes
347,50,Female,HR,17,118297.0,No,3.0,No
348,48,Male,IT,17,98655.0,Yes,6.0,No
349,57,Female,HR,11,27664.0,No,10.0,Yes
350,38,Female,HR,20,49281.0,Yes,4.0,No
351,55,Male,Finance,10,51821.0,Yes,2.0,Yes
352,24,Female,Finance,29,44647.0,No,7.0,No
353,26,Female,Sales,34,89918.0,No,4.0,No
354,35,Female,Sales,17,101985.0,Yes,8.0,No
355,24,Male,Finance,13,102799.0,No,8.0,No
356,44,Male,IT,27,110179.0,No,7.0,No
357,51,Male,HR,26,94944.0,Yes,10.0,No
358,44,Male,IT,28,109142.0,Yes,9.0,No
359,48,Male,IT,13,47603.0,No,,No
360,31,Female,Finance,12,66458.0,Yes,7.0,No
361,46,Male,Sales,28,90605.0,No,10.0,No
362,34,Male,HR,2,39623.0,No,10.0,Yes
363,37,Male,Sales,34,64440.0,No,1.0,No
364,55,Female,IT,23,102427.0,No,4.0,No
365,58,Female,IT,29,27704.0,No,2.0,Yes
366,43,Male,Sales,11,113826.0,No,9.0,No
367,38,Female,Sales,33,47460.0,Yes,5.0,No
368,44,Female,Finance,11,103045.0,No,3.0,No
369,57,Female,Sales,9,102805.0,Yes,4.0,No
370,30,Female,Sales,14,93511.0,No,6.0,No
371,23,Male,Finance,9,26565.0,Yes,10.0,Yes
372,53,Male,Sales,3,108003.0,Yes,1.0,Yes
373,43,Female,IT,29,24870.0,Yes,7.0,Yes
374,34,Female,Sales,19,38909.0,No,8.0,Yes
375,29,Female,HR,32,29117.0,Yes,7.0,Yes
376,22,Female,IT,7,87474.0,Yes,7.0,No
377,38,Male,Finance,28,113926.0,No,9.0,No
378,33,Female,IT,18,64322.0,Yes,4.0,No
379,25,Male,Finance,5,40128.0,Yes,7.0,No
380,34,Female,HR,23,117317.0,No,9.0,No
381,52,Male,HR,22,89001.0,Yes,5.0,No
382,28,Female,IT,26,20440.0,Yes,2.0,Yes
383,44,Male,Sales,12,80955.0,No,5.0,No
384,45,Male,IT,19,69613.0,Yes,4.0,No
385,26,Male,IT,1,90949.0,Yes,8.0,No
386,26,Female,HR,3,31663.0,Yes,5.0,Yes
387,38,Male,Finance,27,39547.0,Yes,9.0,Yes
388,51,Female,IT,18,101662.0,No,9.0,No
389,30,Male,Sales,30,20005.0,No,3.0,Yes
390,27,Male,HR,2,27038.0,No,10.0,Yes
391,46,Female,IT,5,26414.0,No,6.0,Yes
392,40,Male,IT,29,107659.0,Yes,6.0,No
393,37,Female,Sales,33,89506.0,No,4.0,No
394,42,Female,IT,20,96586.0,No,10.0,No
395,23,Female,IT,30,22606.0,Yes,3.0,Yes
396,31,Female,IT,5,36482.0,Yes,1.0,Yes
397,37,Male,IT,21,118829.0,Yes,7.0,No
398,58,Male,Sales,15,91873.0,No,5.0,No
399,36,Female,IT,20,53948.0,Yes,10.0,No
400,34,Male,IT,8,109987.0,Yes,7.0,No
401,34,Male,IT,31,111801.0,Yes,1.0,Yes
402,53,Female,HR,12,111250.0,No,8.0,No
403,29,Male,Sales,21,40875.0,No,3.0,No
404,39,Female,HR,30,33057.0,No,7.0,Yes
405,57,Male,HR,27,52400.0,No,3.0,No
406,47,Male,Sales,26,91458.0,No,3.0,No
407,31,Female,HR,33,88607.0,No,10.0,No
408,52,Male,HR,26,107561.0,No,9.0,No
409,54,Male,HR,26,47503.0,Yes,2.0,Yes
410,50,Female,Sales,1,43765.0,Yes,4.0,No
411,26,Male,IT,15,66612.0,Yes,6.0,No
412,34,Female,Finance,1,118318.0,No,3.0,No
413,22,Male,Finance,11,104335.0,No,10.0,No
414,44,Female,Sales,2,113012.0,Yes,10.0,No
415,24,Female,Finance,1,101748.0,Yes,7.0,No
416,24,Female,Sales,31,29428.0,No,7.0,Yes
417,28,Female,Sales,16,51419.0,No,5.0,No
418,57,Female,Finance,22,85195.0,No,3.0,No
419,56,Male,HR,18,93695.0,No,2.0,No
420,36,Male,IT,17,109846.0,No,4.0,No
421,24,Female,Finance,30,59142.0,No,4.0,No
422,50,Male,Finance,10,91540.0,No,8.0,No
423,51,Female,Finance,21,58289.0,No,8.0,No
424,39,Male,Finance,16,96948.0,Yes,5.0,No
425,32,Male,Sales,6,78951.0,No,6.0,No
426,59,Female,Sales,3,31755.0,No,8.0,Yes
427,22,Female,IT,21,104553.0,No,1.0,No
428,50,Male,IT,13,23890.0,Yes,5.0,Yes
429,31,Male,Finance,18,114376.0,Yes,4.0,No
430,49,Female,Finance,24,37175.0,No,4.0,Yes
431,52,Male,Finance,27,94727.0,Yes,2.0,Yes
432,40,Male,IT,4,85687.0,Yes,10.0,No
433,24,Female,Finance,22,104983.0,Yes,1.0,Yes
434,57,Male,HR,24,108287.0,No,6.0,No
435,36,Female,IT,10,114711.0,No,7.0,No
436,54,Female,HR,2,44288.0,No,5.0,No
437,47,Female,Finance,6,66629.0,No,8.0,No
438,37,Male,Sales,18,67800.0,No,9.0,No
439,57,Male,HR,17,57367.0,No,2.0,No
440,54,Female,IT,23,97810.0,No,4.0,No
441,41,Female,HR,30,97754.0,Yes,9.0,No
442,34,Male,IT,21,109328.0,No,5.0,No
443,54,Male,Finance,10,88513.0,No,3.0,No
444,26,Male,HR,13,102762.0,No,6.0,No
445,58,Female,Sales,12,49022.0,No,3.0,No
446,35,Female,HR,9,89329.0,No,5.0,No
447,48,Male,Sales,4,79414.0,No,3.0,No
448,44,Male,IT,24,21659.0,No,6.0,Yes
449,35,Male,Finance,34,77941.0,No,10.0,No
450,25,Female,Finance,5,57930.0,Yes,5.0,No
451,40,Female,Sales,15,63473.0,Yes,,No
452,25,Male,IT,4,75598.0,No,3.0,No
453,51,Male,Finance,8,36040.0,No,6.0,Yes
454,40,Female,IT,24,89806.0,Yes,8.0,No
455,52,Female,Sales,28,33286.0,No,7.0,Yes
456,52,Male,Sales,27,89139.0,No,6.0,No
457,30,Male,HR,1,75916.0,Yes,2.0,Yes
458,34,Male,Finance,34,37600.0,No,7.0,Yes
459,35,Female,Finance,17,22291.0,No,8.0,Yes
460,31,Male,HR,26,33123.0,No,1.0,Yes
461,52,Female,Sales,24,23811.0,Yes,9.0,Yes
462,58,Female,Sales,21,98883.0,Yes,4.0,No
463,44,Male,Sales,30,51276.0,No,8.0,No
464,48,Male,Sales,13,74145.0,Yes,,No
465,27,Female,IT,3,66619.0,Yes,7.0,No
466,47,Male,Finance,32,101049.0,Yes,10.0,No
467,23,Female,Finance,19,,No,7.0,No
468,34,Male,Sales,14,108782.0,Yes,2.0,Yes
469,40,Male,Sales,22,111043.0,Yes,1.0,Yes
470,22,Male,Sales,17,46714.0,Yes,4.0,No
471,53,Male,Finance,4,75685.0,No,2.0,No
472,43,Female,Finance,19,32194.0,Yes,8.0,Yes
473,50,Female,Sales,2,93062.0,Yes,10.0,No
474,23,Female,IT,15,84037.0,No,7.0,No
475,59,Male,HR,2,39362.0,Yes,8.0,Yes
476,32,Female,HR,11,74499.0,Yes,6.0,No
477,38,Female,HR,23,66281.0,Yes,1.0,Yes
478,29,Female,Finance,10,82813.0,No,9.0,No
479,43,Male,Finance,3,64852.0,No,6.0,No
480,25,Female,HR,5,67836.0,Yes,10.0,No
481,32,Male,HR,3,24595.0,Yes,1.0,Yes
482,29,Male,IT,13,115930.0,Yes,1.0,Yes
483,30,Female,Finance,19,35402.0,Yes,8.0,Yes
484,47,Male,Finance,24,85283.0,Yes,6.0,No
485,23,Female,HR,24,112676.0,Yes,8.0,No
486,37,Female,IT,17,108131.0,No,8.0,No
487,52,Female,IT,10,62723.0,Yes,8.0,No
488,27,Female,HR,2,71322.0,Yes,10.0,No
489,42,Female,HR,23,66764.0,Yes,7.0,No
490,47,Male,Finance,6,44911.0,No,7.0,No
491,40,Female,HR,2,111288.0,Yes,10.0,No
492,49,Male,Sales,21,39405.0,No,4.0,Yes
493,29,Female,IT,29,78122.0,Yes,9.0,No
494,35,Female,HR,7,109756.0,Yes,2.0,Yes
495,45,Female,Sales,29,119489.0,Yes,,No
496,58,Male,IT,23,23447.0,Yes,10.0,Yes
497,47,Male,Sales,33,73143.0,Yes,3.0,Yes
498,52,Male,Sales,8,82906.0,Yes,2.0,Yes
499,53,Male,HR,12,30662.0,No,4.0,Yes
500,23,Female,IT,10,83001.0,Yes,5.0,No
501,46,Female,Sales,15,78282.0,Yes,2.0,Yes
502,23,Male,Finance,24,24899.0,Yes,1.0,Yes
503,22,Male,IT,26,48582.0,No,10.0,No
504,57,Male,Finance,3,87471.0,Yes,5.0,No
505,33,Female,HR,2,62213.0,No,9.0,No
506,30,Male,Finance,6,95871.0,Yes,5.0,No
507,57,Male,IT,21,103205.0,Yes,10.0,No
508,49,Female,Sales,9,94081.0,No,9.0,No
509,59,Male,Sales,10,103805.0,No,10.0,No
510,54,Female,IT,3,57830.0,Yes,6.0,No
511,43,Female,Sales,24,,No,3.0,Yes
512,46,Female,Finance,22,30712.0,No,4.0,Yes
513,39,Female,Sales,14,101527.0,Yes,4.0,No
514,27,Female,Sales,27,85365.0,Yes,1.0,Yes
515,39,Male,Finance,33,107185.0,Yes,3.0,Yes
516,37,Male,Finance,22,119851.0,No,3.0,No
517,36,Female,Finance,29,50806.0,Yes,1.0,Yes
518,29,Female,HR,19,32210.0,Yes,9.0,Yes
519,34,Male,Finance,19,56972.0,No,1.0,No
520,28,Male,Finance,6,54136.0,No,9.0,No
521,38,Female,HR,19,64297.0,Yes,1.0,Yes
522,53,Male,Sales,13,35945.0,No,2.0,Yes
523,43,Male,Finance,26,115201.0,No,2.0,No
524,34,Female,IT,22,62477.0,No,6.0,No
525,44,Male,Finance,21,99180.0,Yes,7.0,No
526,50,Male,Finance,2,90453.0,Yes,1.0,Yes
527,43,Male,HR,30,105404.0,Yes,3.0,Yes
528,22,Male,IT,27,97413.0,No,2.0,No
529,50,Female,Sales,7,,Yes,8.0,Yes
530,26,Male,Sales,20,23052.0,Yes,9.0,Yes
531,56,Female,IT,31,47272.0,No,2.0,No
532,31,Male,Finance,23,61150.0,No,2.0,No
533,40,Female,HR,13,116204.0,Yes,10.0,No
534,58,Female,IT,17,37316.0,No,9.0,Yes
535,28,Male,IT,4,73389.0,Yes,4.0,No
536,56,Female,Sales,14,83332.0,Yes,5.0,No
537,34,Female,HR,20,27240.0,Yes,9.0,Yes
538,31,Female,IT,13,117095.0,No,6.0,No
539,23,Female,HR,3,88774.0,No,10.0,No
540,27,Female,Finance,26,63175.0,Yes,9.0,No
541,29,Male,Sales,26,20565.0,Yes,9.0,Yes
542,57,Female,Finance,18,107298.0,Yes,7.0,No
543,46,Female,HR,32,91094.0,Yes,10.0,No
544,28,Male,Finance,14,36375.0,No,9.0,Yes
545,44,Male,Sales,3,45710.0,Yes,5.0,No
546,40,Female,HR,1,69895.0,Yes,5.0,No
547,43,Male,IT,26,,No,8.0,No
548,34,Male,Finance,24,35174.0,Yes,10.0,Yes
549,42,Male,Sales,14,107329.0,Yes,4.0,No
550,22,Male,IT,3,47597.0,Yes,9.0,No
551,40,Male,Sales,13,94289.0,Yes,7.0,No
552,54,Male,HR,14,58397.0,Yes,7.0,No
553,25,Female,HR,21,91854.0,No,3.0,No
554,24,Female,Finance,26,53069.0,No,4.0,No
555,48,Male,Sales,3,1056870.0,No,7.0,No
556,56,Male,Sales,4,60274.0,No,5.0,No
557,49,Female,Sales,1,94237.0,Yes,3.0,Yes
558,27,Male,HR,33,92498.0,No,1.0,No
559,27,Female,Finance,7,58197.0,No,7.0,No
560,44,Male,Sales,11,68634.0,No,6.0,No
561,54,Female,Sales,27,50041.0,No,10.0,No
562,37,Female,IT,14,27248.0,No,7.0,Yes
563,45,Male,Sales,22,105365.0,No,2.0,No
564,26,Male,Finance,16,22203.0,No,4.0,Yes
565,34,Male,IT,12,71986.0,No,2.0,No
566,33,Male,IT,10,45370.0,Yes,8.0,No
567,26,Female,IT,24,55247.0,No,7.0,No
568,58,Male,HR,18,95922.0,Yes,1.0,Yes
569,52,Female,IT,22,20434.0,No,2.0,Yes
570,49,Male,Sales,9,82982.0,No,2.0,No
571,49,Female,HR,17,85180.0,No,4.0,No
572,51,Male,HR,13,54474.0,Yes,3.0,Yes
573,39,Male,HR,6,44644.0,Yes,1.0,Yes
574,48,Female,HR,21,58493.0,No,2.0,No
575,56,Male,HR,7,,Yes,9.0,No
576,47,Male,HR,25,23959.0,No,1.0,Yes
577,39,Male,HR,11,67289.0,Yes,9.0,No
578,54,Male,IT,14,311430.0,Yes,7.0,Yes
579,46,Male,Finance,29,59593.0,Yes,2.0,Yes
580,52,Female,Sales,10,59115.0,No,2.0,No
581,58,Male,Sales,5,42540.0,Yes,5.0,No
582,23,Female,IT,8,55481.0,Yes,5.0,No
583,54,Male,IT,5,115505.0,No,4.0,No
584,53,Male,HR,24,97097.0,Yes,10.0,No
585,39,Female,Finance,26,42578.0,No,10.0,No
586,38,Female,HR,6,32787.0,No,3.0,Yes
587,55,Female,IT,16,92048.0,Yes,4.0,No
588,28,Female,HR,12,72879.0,No,10.0,No
589,56,Female,Sales,11,30596.0,Yes,4.0,Yes
590,51,Male,Sales,3,117282.0,Yes,2.0,Yes
591,33,Female,HR,6,80669.0,No,5.0,No
592,56,Female,Finance,19,39930.0,Yes,5.0,Yes
593,32,Male,HR,18,67950.0,Yes,5.0,No
594,25,Male,HR,16,115737.0,No,10.0,No
595,46,Female,Finance,23,38687.0,No,1.0,Yes
596,53,Female,Finance,9,72833.0,Yes,6.0,No
597,41,Female,Finance,3,55989.0,No,2.0,No
598,52,Male,Sales,8,50183.0,No,7.0,No
599,25,Female,HR,4,40758.0,No,4.0,No
600,59,Male,IT,12,21082.0,No,5.0,Yes
601,22,Male,Finance,31,116368.0,Yes,5.0,No
602,24,Male,Finance,25,65891.0,Yes,5.0,No
603,58,Male,HR,16,65810.0,No,2.0,No
604,43,Female,IT,14,66901.0,Yes,5.0,No
605,38,Male,HR,13,103512.0,No,3.0,No
606,35,Male,HR,7,91062.0,No,4.0,No
607,56,Female,Finance,12,116622.0,Yes,2.0,Yes
608,34,Male,Finance,4,41563.0,Yes,4.0,No
609,56,Female,Sales,2,92008.0,Yes,9.0,No
610,23,Male,IT,3,22775.0,Yes,8.0,Yes
611,34,Female,IT,4,35828.0,No,3.0,Yes
612,37,Male,Finance,12,379740.0,No,1.0,Yes
613,39,Male,Finance,19,42388.0,Yes,1.0,Yes
614,28,Female,Finance,10,100591.0,No,6.0,No
615,57,Male,IT,1,38615.0,Yes,3.0,Yes
616,51,Male,Sales,17,57886.0,Yes,4.0,No
617,28,Female,IT,16,42838.0,Yes,1.0,Yes
618,36,Male,Finance,9,60728.0,No,8.0,No
619,40,Male,Finance,9,98000.0,No,1.0,No
620,58,Female,Sales,9,72798.0,Yes,5.0,No
621,23,Female,HR,12,92776.0,Yes,6.0,No
622,34,Female,HR,15,90478.0,Yes,2.0,Yes
623,52,Female,IT,2,,Yes,7.0,Yes
624,37,Female,HR,11,33536.0,No,7.0,Yes
625,27,Male,HR,11,87136.0,No,1.0,No
626,49,Female,IT,8,25700.0,Yes,4.0,Yes
627,53,Male,Finance,32,58839.0,Yes,4.0,No
628,31,Female,HR,6,30248.0,No,5.0,Yes
629,39,Male,Finance,20,65291.0,Yes,1.0,Yes
630,25,Male,IT,8,102629.0,No,1.0,No
631,30,Female,Finance,34,104891.0,No,7.0,No
632,28,Male,Finance,19,37177.0,Yes,9.0,Yes
633,29,Male,IT,7,39483.0,No,1.0,Yes
634,28,Female,Finance,31,63815.0,No,2.0,No
635,24,Female,HR,18,58533.0,No,6.0,No
636,38,Female,HR,14,20026.0,No,6.0,Yes
637,23,Female,HR,17,80611.0,Yes,2.0,Yes
638,36,Male,HR,9,107242.0,No,9.0,No
639,50,Male,Finance,20,44660.0,No,4.0,No
640,43,Male,HR,28,75103.0,No,7.0,No
641,25,Male,Finance,20,72253.0,Yes,6.0,No
642,27,Male,Sales,27,62082.0,Yes,3.0,Yes
643,59,Male,Finance,8,36258.0,Yes,8.0,Yes
644,47,Female,HR,32,118315.0,No,7.0,No
645,32,Male,Sales,1,109690.0,Yes,9.0,No
646,47,Male,IT,17,115220.0,Yes,3.0,Yes
647,38,Male,Finance,9,35389.0,Yes,1.0,Yes
648,45,Female,HR,20,111860.0,No,2.0,No
649,49,Female,HR,32,,Yes,1.0,Yes
650,56,Female,HR,2,79220.0,Yes,5.0,No
651,52,Female,IT,32,47195.0,Yes,10.0,No
652,34,Male,Sales,9,41797.0,No,2.0,No
653,56,Male,Sales,30,91310.0,No,3.0,No
654,37,Male,HR,20,117169.0,Yes,8.0,No
655,36,Female,Finance,1,86332.0,Yes,10.0,No
656,39,Male,HR,5,113925.0,Yes,5.0,No
657,58,Male,HR,1,82907.0,No,4.0,No
658,48,Male,Finance,14,27188.0,No,5.0,Yes
659,56,Female,HR,9,43696.0,Yes,10.0,No
660,56,Female,IT,30,22024.0,No,6.0,Yes
661,49,Female,HR,24,93202.0,Yes,7.0,No
662,59,Male,IT,4,55985.0,No,9.0,No
663,30,Male,HR,14,26584.0,Yes,1.0,Yes
664,33,Male,Sales,25,110998.0,No,4.0,No
665,36,Male,Finance,4,47044.0,Yes,9.0,No
666,42,Female,Sales,25,25285.0,No,5.0,Yes
667,56,Male,HR,10,83115.0,Yes,8.0,No
668,54,Female,HR,7,27370.0,Yes,1.0,Yes
669,40,Male,IT,13,37903.0,Yes,4.0,Yes
670,44,Female,HR,4,52499.0,Yes,9.0,No
671,34,Male,HR,14,117904.0,No,1.0,No
672,22,Male,HR,18,,Yes,1.0,Yes
673,50,Female,Sales,8,55200.0,No,4.0,No
674,45,Female,IT,32,108377.0,No,3.0,No
675,37,Male,Sales,27,90402.0,Yes,7.0,No
676,46,Male,IT,23,33566.0,Yes,3.0,Yes
677,44,Male,Sales,7,57822.0,Yes,1.0,Yes
678,49,Female,HR,12,71222.0,Yes,10.0,No
679,37,Male,Sales,25,114088.0,No,2.0,No
680,59,Female,Sales,3,110450.0,No,10.0,No
681,32,Male,IT,26,70668.0,No,4.0,No
682,24,Male,IT,4,83853.0,No,1.0,No
683,36,Male,Sales,15,74643.0,Yes,1.0,Yes
684,22,Male,IT,32,42333.0,No,8.0,No
685,28,Female,IT,29,35958.0,Yes,7.0,Yes
686,22,Female,IT,10,72442.0,Yes,8.0,No
687,53,Male,Finance,21,40954.0,No,4.0,No
688,30,Male,IT,16,95174.0,No,6.0,No
689,50,Male,Finance,19,119683.0,No,3.0,No
690,47,Female,Finance,29,29675.0,No,8.0,Yes
691,44,Male,IT,18,109590.0,No,4.0,No
692,50,Female,Sales,16,51661.0,No,3.0,No
693,59,Female,IT,1,84289.0,Yes,4.0,No
694,54,Female,HR,2,37184.0,Yes,6.0,Yes
695,28,Female,Sales,15,67963.0,Yes,7.0,No
696,33,Male,Finance,28,45822.0,No,7.0,No
697,52,Male,Finance,1,,Yes,4.0,No
698,53,Female,Sales,5,96465.0,Yes,8.0,No
699,41,Male,Sales,22,25267.0,Yes,7.0,Yes
700,38,Male,IT,13,72647.0,Yes,2.0,Yes
701,57,Male,Finance,1,82814.0,Yes,8.0,No
702,24,Female,HR,16,56025.0,Yes,9.0,No
703,22,Male,IT,22,97605.0,No,5.0,No
704,48,Male,Sales,32,20981.0,No,4.0,Yes
705,54,Male,Finance,16,63436.0,No,4.0,No
706,41,Male,Sales,15,38472.0,Yes,4.0,Yes
707,35,Male,Sales,12,39336.0,No,6.0,Yes
708,57,Male,Sales,1,45587.0,No,4.0,No
709,26,Male,IT,17,97192.0,Yes,7.0,No
710,44,Male,HR,28,112862.0,No,7.0,No
711,36,Male,HR,7,104046.0,Yes,5.0,No
712,27,Male,Finance,9,73013.0,No,5.0,No
713,54,Female,Sales,22,104511.0,Yes,10.0,No
714,40,Male,HR,26,29665.0,Yes,8.0,Yes
715,34,Female,Sales,12,47097.0,No,7.0,No
716,50,Male,Finance,7,111277.0,Yes,7.0,No
717,27,Female,Sales,15,72474.0,No,6.0,No
718,36,Female,HR,21,91973.0,Yes,7.0,No
719,37,Male,Sales,14,45185.0,No,7.0,No
720,45,Female,HR,2,95911.0,No,10.0,No
721,44,Female,Finance,8,112643.0,Yes,2.0,Yes
722,31,Female,Sales,6,50484.0,No,10.0,No
723,38,Male,HR,33,65610.0,No,2.0,No
724,51,Female,Finance,6,70807.0,No,10.0,No
725,31,Female,Sales,26,70907.0,Yes,7.0,No
726,40,Male,Finance,14,77389.0,Yes,10.0,No
727,50,Female,HR,8,45835.0,No,7.0,No
728,23,Female,Sales,13,115279.0,No,7.0,No
729,57,Female,Sales,13,116453.0,Yes,5.0,No
730,40,Male,Sales,28,73790.0,Yes,1.0,Yes
731,28,Female,Finance,18,,No,2.0,No
732,47,Male,Finance,19,29643.0,Yes,9.0,Yes
733,36,Female,HR,32,95846.0,Yes,8.0,No
734,59,Female,IT,22,38951.0,No,8.0,Yes
735,24,Female,Sales,2,112104.0,Yes,10.0,No
736,59,Female,Sales,13,35233.0,Yes,1.0,Yes
737,37,Male,HR,23,33200.0,Yes,6.0,Yes
738,23,Female,Sales,25,72275.0,No,9.0,No
739,52,Male,Finance,28,107084.0,Yes,8.0,No
740,49,Female,Finance,11,96068.0,No,,No
741,28,Male,Sales,33,,Yes,4.0,No
742,51,Female,Sales,24,41291.0,Yes,3.0,Yes
743,28,Female,Finance,2,62448.0,No,6.0,No
744,57,Male,Sales,30,50580.0,No,9.0,No
745,50,Male,Finance,17,111685.0,No,8.0,No
746,45,Male,IT,34,41346.0,No,10.0,No
747,25,Male,IT,22,30619.0,Yes,4.0,Yes
748,50,Female,Sales,5,21766.0,No,2.0,Yes
749,26,Male,Sales,16,23549.0,No,8.0,Yes
750,50,Male,Sales,13,38693.0,No,8.0,Yes
751,51,Male,Finance,26,82019.0,Yes,6.0,No
752,50,Female,IT,31,117458.0,Yes,8.0,No
753,47,Female,IT,23,68328.0,No,9.0,No
754,40,Female,HR,12,97701.0,No,1.0,No
755,47,Female,HR,14,109100.0,No,9.0,No
756,58,Male,Sales,18,45301.0,No,2.0,No
757,48,Female,Finance,27,64763.0,Yes,1.0,Yes
758,51,Male,Sales,28,40765.0,No,8.0,No
759,51,Female,IT,18,64787.0,Yes,8.0,No
760,24,Male,Sales,16,27425.0,No,4.0,Yes
761,28,Male,Sales,16,32857.0,No,8.0,Yes
762,30,Male,IT,13,72771.0,Yes,7.0,No
763,34,Male,IT,29,112999.0,No,2.0,No
764,36,Male,IT,9,42444.0,No,,No
765,26,Female,IT,26,61457.0,No,10.0,No
766,50,Male,HR,28,99741.0,No,4.0,No
767,56,Male,Finance,13,20704.0,Yes,3.0,Yes
768,48,Male,Finance,9,25452.0,No,1.0,Yes
769,48,Male,IT,14,588620.0,No,5.0,No
770,29,Female,Finance,12,81471.0,Yes,10.0,No
771,53,Female,Finance,32,89217.0,No,8.0,No
772,41,Male,Finance,3,106058.0,Yes,9.0,No
773,31,Male,Finance,16,38300.0,No,7.0,Yes
774,34,Male,IT,20,29566.0,No,1.0,Yes
775,50,Male,Sales,32,,No,1.0,Yes
776,56,Female,Sales,23,21845.0,Yes,1.0,Yes
777,29,Female,Sales,17,59181.0,Yes,2.0,Yes
778,50,Male,HR,16,77263.0,No,1.0,No
779,52,Male,Finance,8,98766.0,Yes,4.0,No
780,51,Male,IT,19,83038.0,No,10.0,No
781,43,Male,IT,30,103290.0,Yes,,No
782,42,Male,HR,34,54404.0,No,4.0,No
783,33,Female,IT,14,42564.0,Yes,4.0,No
784,32,Female,Sales,22,117898.0,No,7.0,No
785,23,Male,HR,17,77435.0,Yes,9.0,No
786,23,Female,IT,15,38227.0,Yes,7.0,Yes
787,55,Female,HR,32,110296.0,Yes,1.0,Yes
788,24,Female,HR,13,115259.0,Yes,1.0,Yes
789,37,Male,IT,21,67475.0,No,4.0,No
790,25,Female,Sales,33,37215.0,No,4.0,Yes
791,44,Female,IT,27,91074.0,Yes,1.0,Yes
792,41,Male,Finance,16,41699.0,No,6.0,No
793,46,Female,Finance,28,32454.0,Yes,10.0,Yes
794,51,Male,IT,34,68217.0,No,2.0,No
795,39,Female,Sales,1,41711.0,Yes,5.0,No
796,32,Male,Finance,31,35059.0,No,8.0,Yes
797,50,Male,Finance,33,68398.0,No,3.0,No
798,38,Female,IT,33,21286.0,Yes,9.0,Yes
799,47,Female,IT,18,54297.0,Yes,7.0,No
800,44,Male,IT,23,46485.0,Yes,9.0,No
801,41,Male,HR,23,79967.0,Yes,1.0,Yes
802,23,Female,HR,15,117803.0,Yes,5.0,No
803,45,Female,HR,26,74583.0,No,3.0,No
804,52,Female,IT,30,71630.0,Yes,4.0,No
805,48,Female,Sales,25,47086.0,No,4.0,No
806,23,Male,Finance,16,36484.0,Yes,7.0,Yes
807,35,Male,HR,14,88623.0,No,10.0,No
808,25,Male,Sales,17,79263.0,No,8.0,No
809,34,Female,IT,12,38675.0,Yes,10.0,Yes
810,57,Female,HR,29,80664.0,Yes,5.0,No
811,56,Male,IT,32,44680.0,No,10.0,No
812,29,Male,Sales,24,37077.0,No,7.0,Yes
813,23,Male,HR,13,58174.0,Yes,3.0,Yes
814,27,Male,HR,20,96968.0,No,3.0,No
815,52,Male,HR,15,23491.0,No,3.0,Yes
816,31,Male,HR,4,66126.0,No,4.0,No
817,42,Female,Sales,34,23392.0,No,6.0,Yes
818,31,Male,HR,28,82257.0,No,5.0,No
819,44,Male,Finance,2,878040.0,No,8.0,No
820,24,Male,Finance,30,58400.0,Yes,5.0,No
821,53,Male,IT,26,56551.0,Yes,5.0,No
822,41,Male,HR,26,48088.0,Yes,10.0,No
823,31,Male,Finance,20,100015.0,Yes,2.0,Yes
824,50,Male,Finance,28,45465.0,No,5.0,No
825,55,Female,Finance,20,68155.0,Yes,7.0,No
826,58,Male,Sales,11,107893.0,No,2.0,No
827,41,Female,HR,10,25969.0,No,6.0,Yes
828,29,Female,Sales,23,28981.0,Yes,7.0,Yes
829,28,Female,Sales,19,41032.0,Yes,5.0,No
830,27,Male,Finance,18,74091.0,No,9.0,No
831,32,Male,Finance,27,44408.0,Yes,4.0,No
832,39,Male,IT,6,44241.0,Yes,10.0,No
833,50,Male,HR,10,67940.0,No,1.0,No
834,46,Male,HR,2,102938.0,No,8.0,No
835,42,Male,Finance,24,71105.0,No,8.0,No
836,24,Male,Finance,28,111302.0,No,7.0,No
837,39,Male,HR,28,81050.0,No,8.0,No
838,45,Male,IT,2,23657.0,No,2.0,Yes
839,59,Male,Finance,5,41230.0,Yes,3.0,Yes
840,31,Female,IT,11,38680.0,Yes,9.0,Yes
841,48,Male,Sales,10,102694.0,Yes,1.0,Yes
842,33,Male,Finance,2,104731.0,No,8.0,No
843,28,Male,Sales,15,62340.0,No,8.0,No
844,38,Female,Finance,7,55950.0,Yes,7.0,No
845,22,Male,Sales,20,98515.0,Yes,5.0,No
846,47,Male,Finance,34,27867.0,Yes,4.0,Yes
847,36,Female,IT,34,100691.0,No,10.0,No
848,54,Male,IT,22,98542.0,Yes,10.0,No
849,58,Female,IT,31,24329.0,Yes,10.0,Yes
850,52,Female,Sales,23,108087.0,Yes,10.0,No
851,56,Female,IT,19,55865.0,No,6.0,No
852,22,Female,Sales,4,,Yes,1.0,Yes
853,29,Male,Finance,24,57869.0,Yes,5.0,No
854,33,Female,Sales,20,86905.0,No,4.0,No
855,40,Female,Finance,28,103984.0,No,4.0,No
856,46,Male,HR,17,109711.0,No,7.0,No
857,53,Male,HR,19,86252.0,No,9.0,No
858,33,Male,HR,32,99386.0,No,8.0,No
859,34,Female,Sales,30,21711.0,Yes,8.0,Yes
860,49,Male,HR,17,45801.0,Yes,5.0,No
861,22,Female,HR,29,107287.0,No,6.0,No
862,27,Female,HR,6,110709.0,No,2.0,No
863,29,Male,Finance,17,73270.0,No,3.0,No
864,25,Male,IT,17,91622.0,No,5.0,No
865,26,Male,Sales,14,75535.0,Yes,2.0,Yes
866,46,Male,HR,24,96759.0,Yes,3.0,Yes
867,43,Male,Finance,32,36220.0,No,4.0,Yes
868,49,Male,IT,14,33392.0,No,6.0,Yes
869,44,Female,IT,27,105587.0,No,5.0,No
870,25,Female,IT,19,22246.0,No,10.0,Yes
871,25,Male,Finance,31,40010.0,Yes,4.0,No
872,42,Female,HR,9,88358.0,No,2.0,No
873,58,Female,IT,17,110203.0,No,5.0,No
874,23,Female,Finance,19,37234.0,Yes,5.0,Yes
875,28,Female,Finance,4,116190.0,No,7.0,No
876,37,Female,Sales,11,69451.0,Yes,1.0,Yes
877,38,Female,Finance,22,95205.0,No,4.0,No
878,41,Male,IT,4,41784.0,No,5.0,No
879,44,Male,IT,17,49672.0,Yes,8.0,No
880,55,Male,Finance,8,21082.0,No,,Yes
881,32,Female,IT,34,31148.0,Yes,1.0,Yes
882,55,Male,Finance,11,47494.0,Yes,5.0,No
883,54,Male,IT,31,95093.0,Yes,10.0,No
884,47,Male,Sales,11,71952.0,No,1.0,No
885,23,Female,HR,21,56719.0,No,1.0,No
886,44,Male,Sales,30,68737.0,Yes,2.0,Yes
887,43,Female,Sales,10,79453.0,No,2.0,No
888,55,Male,HR,26,59536.0,No,9.0,No
889,36,Male,IT,27,70604.0,No,,No
890,31,Male,HR,8,70833.0,Yes,3.0,Yes
891,36,Female,Finance,8,34039.0,Yes,1.0,Yes
892,50,Female,HR,8,87839.0,No,2.0,No
893,44,Female,Sales,34,67931.0,Yes,6.0,No
894,38,Female,HR,16,59925.0,No,9.0,No
895,30,Female,IT,13,71003.0,No,5.0,No
896,57,Male,Sales,23,1038170.0,No,4.0,No
897,30,Male,Finance,12,,Yes,5.0,No
898,37,Female,IT,27,107745.0,Yes,9.0,No
899,57,Female,Sales,22,113709.0,No,7.0,No
900,54,Male,Finance,32,62287.0,Yes,8.0,No
901,52,Female,IT,27,110726.0,No,4.0,No
902,27,Male,Finance,2,53012.0,Yes,8.0,No
903,31,Female,HR,33,61783.0,Yes,6.0,No
904,37,Male,HR,26,105727.0,Yes,5.0,No
905,25,Female,Finance,28,,No,7.0,No
906,43,Female,HR,19,103766.0,No,6.0,No
907,34,Male,Finance,5,66491.0,No,3.0,No
908,37,Male,IT,33,108941.0,Yes,5.0,No
909,50,Female,Sales,20,78584.0,No,9.0,No
910,27,Female,Finance,30,32803.0,No,7.0,Yes
911,47,Male,Sales,8,69625.0,No,4.0,No
912,32,Female,Sales,17,113361.0,No,7.0,No
913,45,Male,Finance,1,33698.0,Yes,5.0,Yes
914,50,Male,HR,3,54560.0,Yes,2.0,Yes
915,24,Female,IT,26,35376.0,No,6.0,Yes
916,31,Male,Sales,31,103654.0,Yes,7.0,No
917,22,Male,IT,8,33117.0,Yes,8.0,Yes
918,47,Female,Sales,8,76381.0,Yes,6.0,No
919,33,Male,Finance,28,57956.0,Yes,8.0,No
920,35,Male,HR,4,68786.0,Yes,7.0,No
921,46,Male,IT,16,107778.0,No,2.0,No
922,29,Male,Sales,13,86480.0,Yes,6.0,No
923,25,Female,Finance,20,51695.0,No,9.0,No
924,49,Male,Finance,5,21511.0,No,6.0,Yes
925,28,Female,Sales,20,73233.0,No,4.0,No
926,31,Male,Sales,24,42502.0,Yes,7.0,No
927,57,Female,Sales,34,70010.0,Yes,3.0,Yes
928,23,Male,HR,34,110341.0,Yes,5.0,No
929,47,Female,Sales,19,112529.0,Yes,1.0,Yes
930,35,Male,Sales,17,93905.0,No,10.0,No
931,37,Male,HR,5,66489.0,No,3.0,No
932,38,Male,Finance,25,103533.0,No,8.0,No
933,43,Male,Sales,18,101165.0,Yes,9.0,No
934,25,Female,IT,8,51949.0,No,9.0,No
935,40,Female,Finance,27,88376.0,No,10.0,No
936,23,Male,IT,15,99587.0,No,2.0,No
937,30,Female,Sales,13,113059.0,Yes,,No
938,40,Male,HR,16,87310.0,No,5.0,No
939,37,Male,HR,22,98798.0,No,3.0,No
940,46,Female,HR,20,89407.0,Yes,1.0,Yes
941,39,Female,Sales,13,93809.0,No,6.0,No
942,44,Female,Sales,20,37229.0,Yes,10.0,Yes
943,42,Male,IT,2,47385.0,No,2.0,No
944,32,Male,HR,19,62176.0,Yes,9.0,No
945,25,Female,Sales,6,114825.0,Yes,1.0,Yes
946,46,Male,Finance,14,23260.0,Yes,9.0,Yes
947,53,Female,Sales,4,117555.0,No,7.0,No
948,51,Female,Sales,22,23145.0,No,10.0,Yes
949,47,Female,Finance,34,117289.0,Yes,2.0,Yes
950,57,Female,HR,27,27802.0,Yes,6.0,Yes
951,55,Female,Finance,7,22263.0,Yes,8.0,Yes
952,30,Female,HR,3,46913.0,Yes,2.0,Yes
953,33,Male,Finance,33,77788.0,Yes,5.0,No
954,23,Male,IT,2,28155.0,Yes,6.0,Yes
955,59,Female,HR,16,20922.0,Yes,3.0,Yes
956,26,Female,Sales,25,92231.0,Yes,2.0,Yes
957,26,Female,IT,15,40672.0,Yes,6.0,No
958,43,Male,HR,24,58526.0,Yes,3.0,Yes
959,26,Female,HR,15,65344.0,Yes,2.0,Yes
960,25,Female,HR,31,39014.0,Yes,1.0,Yes
961,30,Female,Finance,14,93352.0,No,8.0,No
962,50,Male,HR,14,111279.0,Yes,1.0,Yes
963,43,Female,Sales,6,60324.0,No,5.0,No
964,48,Male,HR,14,114075.0,No,6.0,No
965,31,Male,Sales,17,115638.0,No,3.0,No
966,37,Female,Sales,18,58698.0,Yes,7.0,No
967,31,Male,Sales,20,97169.0,No,2.0,No
968,27,Male,IT,17,43384.0,Yes,7.0,No
969,26,Male,Sales,16,23512.0,No,2.0,Yes
970,27,Female,Finance,32,26066.0,Yes,,Yes
971,46,Male,HR,9,51500.0,Yes,7.0,No
972,25,Female,Finance,27,98743.0,No,3.0,No
973,53,Female,IT,33,105642.0,No,4.0,No
974,56,Female,HR,10,99858.0,Yes,,Yes
975,31,Male,Sales,17,74800.0,No,3.0,No
976,55,Female,HR,17,83140.0,Yes,9.0,No
977,57,Male,IT,18,104954.0,Yes,10.0,No
978,27,Male,IT,23,22387.0,Yes,5.0,Yes
979,37,Male,Finance,34,76160.0,No,8.0,No
980,40,Male,HR,8,79241.0,Yes,2.0,Yes
981,55,Female,HR,13,93567.0,Yes,3.0,Yes
982,46,Female,HR,23,21799.0,Yes,7.0,Yes
983,52,Male,Finance,20,55548.0,Yes,10.0,No
984,38,Female,IT,22,53895.0,No,4.0,No
985,51,Female,Sales,23,110450.0,No,9.0,No
986,52,Female,HR,3,100171.0,No,7.0,No
987,40,Male,Finance,34,60379.0,No,1.0,No
988,56,Female,Finance,33,65414.0,Yes,4.0,No
989,50,Male,Sales,17,93071.0,Yes,10.0,No
990,22,Female,IT,19,88344.0,Yes,6.0,No
991,25,Male,HR,30,98591.0,Yes,6.0,No
992,49,Male,HR,23,113141.0,Yes,10.0,No
993,39,Male,Finance,15,112201.0,Yes,6.0,No
994,47,Female,IT,14,118303.0,No,5.0,No
995,40,Male,HR,2,24297.0,Yes,3.0,Yes
996,27,Female,Sales,18,106479.0,Yes,,Yes
997,22,Male,IT,6,118752.0,Yes,3.0,Yes
998,29,Female,IT,32,25008.0,No,,Yes
999,54,Male,Finance,21,106813.0,Yes,3.0,Yes
1000,42,Female,Finance,28,36820.0,Yes,3.0,Yes
522,53,Male,Sales,13,35945.0,No,2.0,Yes
738,23,Female,Sales,25,72275.0,No,9.0,No
741,28,Male,Sales,33,,Yes,4.0,No
661,49,Female,HR,24,93202.0,Yes,7.0,No
412,34,Female,Finance,1,118318.0,No,3.0,No
